candidate_name,channel_id,title,handle,subscriber_count,video_count,recent_video_count_30d,recent_video_titles_sample,resolve_method,confidence,decision,reason,quality_tier,intake_batch
Jeremy Fragrance,UCzKrJ5NSA9o7RHYRG12kHZw,Jeremy Fragrance,@jeremyfragrance,2540000,726,15,Top 10 Fragrances For Men  #jeremyfragrance #fragr; KIWI TART. Ahuja. #jeremyfragrance #fragrance #cologne #perfume #parfum; Top 10 Fragrances For Men. #jeremyfragrance #fragrance #cologne #perfume #parfum,channel_id_direct,high,SKIP_DUPLICATE,channel_id UCzKrJ5NSA9o7RHYRG12kHZw already in youtube_channels,tier_1,YT-CREATOR-EXPANSION-02-AGENT-APPROVED-136
Andres Perfume-Man,UCSU9CcO8hvayDPZSZcfTxDg,Andrés Perfume-Man,@andresperfumeman,2450000,368,4,"Light Blue EDP, Le Beau Narcisse e Invictus Elixir; Los 4 perfumes favoritos de Marc Vidal; Compré todos los perfumes Mercadona, elijo los mejores",channel_id_direct,high,VERIFIED_ADD_READY,4 video(s) in last 30 days (channel_id pre-validated),tier_1,YT-CREATOR-EXPANSION-02-AGENT-APPROVED-136
NAUTIQUE LUXURY,UCaUv9lH-9-99jnMpmooafuQ,NAUTIQUE LUXURY ,@voyageperfumes,1130000,156,5,Dark chocolate Perfume | Smell the Sweetness of Luxury 🍫 #shorts #trending #nautiqueluxury; Sun silk Just Dropped a Fragrance Here’s What It Smells Like ✨ #trending #shorts #nautiqueluxury; Pink Dove 🌸 | Fragrance of Pure Luxury & Soft Touch ✨ #trending #shorts #nautiqueluxury #perfume,channel_id_direct,high,VERIFIED_ADD_READY,5 video(s) in last 30 days (channel_id pre-validated),tier_1,YT-CREATOR-EXPANSION-02-AGENT-APPROVED-136
Gents Scents,UC9IImcLkUdmURWtQhxu8VwQ,Gents Scents,@gentsscents,634000,3114,15,NEW Rasasi Hawas Thunder - Finally Another Great Hawas?; 25 MUST OWN Fragrances For The PERFECT Collection (2026 Edition); 10 BEST Clone Fragrances For Spring & Summer - Best Cheap Clone Fragrances,channel_id_direct,high,SKIP_DUPLICATE,channel_id UC9IImcLkUdmURWtQhxu8VwQ already in youtube_channels,tier_1,YT-CREATOR-EXPANSION-02-AGENT-APPROVED-136
CurlyFragrance,UCcwPIKNTMO5S-Vd7z-RrIhg,CurlyFragrance,@curlyfragrance,574000,1463,15,15 Best Fragrance Clones; Top 5 Affordable Long Lasting Fragrances For Men; 3 New Khadlaj Fragrances,channel_id_direct,high,SKIP_DUPLICATE,channel_id UCcwPIKNTMO5S-Vd7z-RrIhg already in youtube_channels,tier_1,YT-CREATOR-EXPANSION-02-AGENT-APPROVED-136
Robin James,UC0zYuwJf9-i3ROZ1F30gV4w,Robin James,@manforhimself,511000,1189,15,The fragrances men in London are wearing; The Smell of Quentin Bisch's Summer Holidays...; Montblanc Patchouli Ink Review,channel_id_direct,high,VERIFIED_ADD_READY,15 video(s) in last 30 days (channel_id pre-validated),tier_1,YT-CREATOR-EXPANSION-02-AGENT-APPROVED-136
Christopher Lee Fragrances,UCPqWyyP8LhNaY-mD_RTtKrg,Christopher Lee Fragrances ,@christopherleefragrances,412000,2790,15,I BROUGHT MY MOM INTO MY BUSINESS IN THE FLYEST WAY; IF YOUR A MAN AND YOU LOVE SMELLING GOOD CLICK THIS VIDEO; The Best Summer Fragrances,channel_id_direct,high,SKIP_DUPLICATE,channel_id UCPqWyyP8LhNaY-mD_RTtKrg already in youtube_channels,tier_2,YT-CREATOR-EXPANSION-02-AGENT-APPROVED-136
Redolessence,UCuSy0Z5UwvkMQ7lXRbUdOnQ,Redolessence,@redolessence,405000,4958,15,"Lattafa Ana Abiyedh Coral Perfume Review!; 5 Dupe Perfumes So Good, You Don't Need The Original!; Electimuss Cupid's Kiss Perfume Review!",channel_id_direct,high,SKIP_DUPLICATE,channel_id UCuSy0Z5UwvkMQ7lXRbUdOnQ already in youtube_channels,tier_2,YT-CREATOR-EXPANSION-02-AGENT-APPROVED-136
Perfume Network,UC64osG3B8XviRGcgW2x2T6A,Perfume Network,@perfumenetwork,369000,273,4,What’s one fragrance you love on your partner? #shorts #perfume; Azzaro Most Wanted Parfum vs Azzaro Most Wanted Intense?; Comment down your most complimented fragrance #perfume #shorts #fragrance,channel_id_direct,high,VERIFIED_ADD_READY,4 video(s) in last 30 days (channel_id pre-validated),tier_2,YT-CREATOR-EXPANSION-02-AGENT-APPROVED-136
Demi Rawling,UC88iYYngvMLb_3obJKMCI3w,Demi Rawling,@demirawling,368000,648,0,,channel_id_direct,high,SKIP_DUPLICATE,channel_id UC88iYYngvMLb_3obJKMCI3w already in youtube_channels,tier_2,YT-CREATOR-EXPANSION-02-AGENT-APPROVED-136
The Perfume Guy,UCFarEEFsV90-pvUU0XdUdgQ,The Perfume Guy,@theperfumeguy,333000,3300,15,22 Niche Perfumes That Make the Best Mother's Day Gifts; Luxury Fragrance Deals Are INSANE Right Now (50-75% Off); 9 Lavender Perfumes BETTER Than You'd Expect,channel_id_direct,high,SKIP_DUPLICATE,channel_id UCFarEEFsV90-pvUU0XdUdgQ already in youtube_channels,tier_2,YT-CREATOR-EXPANSION-02-AGENT-APPROVED-136
School of Scent,UC7yWwH6peQbpfLMVKKuR-xg,School of Scent,@schoolofscent,319000,1474,15,The Safest Summer Fragrances To Blind Buy In 2026; High Rated Summer Niche Fragrances; Niche Fragrances Every Man Should Keep A Secret,channel_id_direct,high,SKIP_DUPLICATE,channel_id UC7yWwH6peQbpfLMVKKuR-xg already in youtube_channels,tier_2,YT-CREATOR-EXPANSION-02-AGENT-APPROVED-136
FBFragrances,UCNDQy3YbPtp37i7B91f6kFQ,FBFragrances,@fbfragrances,313000,1554,15,Sharing is caring Lattafa #cologne; I wore Sosprio Vibrato every day for a week #cologne #fragrance; Uber driver fragrance talk #cologne,channel_id_direct,high,SKIP_DUPLICATE,channel_id UCNDQy3YbPtp37i7B91f6kFQ already in youtube_channels,tier_2,YT-CREATOR-EXPANSION-02-AGENT-APPROVED-136
Amanzada Perfumes,UC1ZIeqgDEyIyB6srbqfIehQ,Amanzada Perfumes,@officialamanzadaperfumes,255000,884,15,Would you like have the papa? #khanjar; Next shipment on the way! #amanzadaperfumesuk; He didn’t know! #signature,channel_id_direct,high,VERIFIED_ADD_READY,15 video(s) in last 30 days (channel_id pre-validated),tier_2,YT-CREATOR-EXPANSION-02-AGENT-APPROVED-136
TheCologneBoy,UCWVcO9sn0OEOON6JM1-bhRw,TheCologneBoy,@thecologneboy,250000,955,4,Best Oud Fragrance under $30! #cologne #fragrance #thecologneboy; All i ask is that you pray for me😊🙏🏻  #cologne #fragrance #thecologneboy; house tour pt1! #cologne #fragrance #thecologneboy,channel_id_direct,high,VERIFIED_ADD_READY,4 video(s) in last 30 days (channel_id pre-validated),tier_2,YT-CREATOR-EXPANSION-02-AGENT-APPROVED-136
MC Colognes,UCwC5SYktSjM2zlswRYUvg6w,MC Colognes,@mccolognes,237000,787,12,10 Colognes I’ve Been Wearing Most Lately; 10 Colognes I’d Buy 1st If I Was a Guy #mencologne; TOP 10 SUMMER FRAGRANCES FOR MEN,channel_id_direct,high,SKIP_DUPLICATE,channel_id UCwC5SYktSjM2zlswRYUvg6w already in youtube_channels,tier_2,YT-CREATOR-EXPANSION-02-AGENT-APPROVED-136
perfumerism,UCKtI2EPpyNu27M4BNeCVg9w,perfumerism,@perfumerism,232000,258,9,silently reviewing NEW fragrance launches!; trying VIRAL arab perfume dupes: are they worth it? #perfumetiktok; What is the best layering combo for Milk Orchid? (trying YOUR fav combos!),channel_id_direct,high,VERIFIED_ADD_READY,9 video(s) in last 30 days (channel_id pre-validated),tier_2,YT-CREATOR-EXPANSION-02-AGENT-APPROVED-136
BowTie FragranceGuy,UCVvzGrPSok_sf8hfDhvTg7w,BowTie FragranceGuy,@bowtiefragranceguy,216000,1347,13,I Didn’t Expect THESE To Be This Good! (NEW RELEASES); The “Come Closer” Fragrances You Need In Your Collection; The ONLY 5 Fragrances A Man Needs…FOREVER! (Initio Parfums),channel_id_direct,high,VERIFIED_ADD_READY,13 video(s) in last 30 days (channel_id pre-validated),tier_2,YT-CREATOR-EXPANSION-02-AGENT-APPROVED-136
Jus de Rose,UCflkhyQuNBeiw3__1TUXXNg,Jus de Rose,@jusderose,210000,352,0,,channel_id_direct,high,SKIP_INACTIVE,No videos published in last 30 days,tier_2,YT-CREATOR-EXPANSION-02-AGENT-APPROVED-136
TLTG Reviews,UCmYZrY_MVZy5Iiwlua029kg,TLTG Reviews,@tltgreviews,197000,4752,15,Safely Pack Your Fragrance Collection To Move #shorts #fragrance; My 4 Favorite Fragrances; Some Fragrances Just Smell Better Than Everything Else,channel_id_direct,high,SKIP_DUPLICATE,channel_id UCmYZrY_MVZy5Iiwlua029kg already in youtube_channels,tier_2,YT-CREATOR-EXPANSION-02-AGENT-APPROVED-136
Perfume Gyaan,UCFpeJ0JD72StpPtGNp0sDEA,Perfume Gyaan,@perfumegyaan,190000,387,5,First Beardo perfume which smells Niche!; 10 Cheap BLIND BUY Safe Perfume for Students🔥Massive Discount (15-25% Discount); Rasasi Daarej Extrait Perfume Review | Get 10% Discount!,channel_id_direct,high,SKIP_DUPLICATE,channel_id UCFpeJ0JD72StpPtGNp0sDEA already in youtube_channels,tier_2,YT-CREATOR-EXPANSION-02-AGENT-APPROVED-136
Aaron Terence Hughes,UCJ7EzNsSGFBx1w5KQqRzMqA,Aaron Terence Hughes,@aaronterencehughes,168000,727,4,'VIBRATO' by Sospiro | Perfumer Reviews; Preview: 'VIBRATO' by Sospiro | Perfumer Reviews; NEW! 'Blood Orange' | Aaron Terence Hughes,channel_id_direct,high,VERIFIED_ADD_READY,4 video(s) in last 30 days (channel_id pre-validated),tier_2,YT-CREATOR-EXPANSION-02-AGENT-APPROVED-136
Rahul Sidwan,UCJwpKisjUoqk0GWbB98kv-Q,Rahul Sidwan,@rahulsidwan,167000,941,15,Budget Fresh Perfumes That Smell EXPENSIVE 🔥; My Gym smells Expensive😎💪; 10 Summer Perfumes That Smell INSANELY Good and Long Lasting Too 😮‍💨☀️,channel_id_direct,high,SKIP_DUPLICATE,channel_id UCJwpKisjUoqk0GWbB98kv-Q already in youtube_channels,tier_2,YT-CREATOR-EXPANSION-02-AGENT-APPROVED-136
Best Brands Perfume,UC7RSI_-mORXwIpM2ZyfO2Ug,Best Brands Perfume,@bestbrandsperfume,165000,2093,15,20 clone fragrance to buy if you want to smell rich; Fragrance Alert  BDK Gris Charnel Dupe Revealed!; Hawas Ice  Invictus Frozen Fragrance Review,channel_id_direct,high,SKIP_DUPLICATE,channel_id UC7RSI_-mORXwIpM2ZyfO2Ug already in youtube_channels,tier_2,YT-CREATOR-EXPANSION-02-AGENT-APPROVED-136
"Perfume Talk: fragrance reviews, cologne exploring",UCfl4dA6LMfkC-wNZjWMlR2g,"Perfume Talk: fragrance reviews, cologne exploring",@parfumexquis,161000,1321,15,Best Marshmallow Perfumes 🍡  #perfume #nichefragrance; Staff Pick ✨ Renier Fragrances; Montale Be My Plum + Same-Vibe Scents,channel_id_direct,high,VERIFIED_ADD_READY,15 video(s) in last 30 days (channel_id pre-validated),tier_2,YT-CREATOR-EXPANSION-02-AGENT-APPROVED-136
Chad Secrets,UCojZ5eKUVxgvCppVjzA-7QA,Chad Secrets,@chadsecrets,152000,810,15,Why my Fragrance Content Changed!; Watch This Before Buying Clone Fragrances!; Yves Saint Laurent Y Iced Cologne Review!,channel_id_direct,high,SKIP_DUPLICATE,channel_id UCojZ5eKUVxgvCppVjzA-7QA already in youtube_channels,tier_2,YT-CREATOR-EXPANSION-02-AGENT-APPROVED-136
Cal Cologne,UCiC5uxWi4WGrR1Suo8I4PqA,Cal Cologne,@calcologne,138000,966,15,Ranking my 6 Le Persona Fragrances in order. #fragrance #cologne #perfume #fragrances #lepersona; Ranking Every Le Persona Fragrance From Worst to Best; Zenith Santal is a great fragrance #zenithsantal #fragrance #cologne #perfume,channel_id_direct,high,SKIP_DUPLICATE,channel_id UCiC5uxWi4WGrR1Suo8I4PqA already in youtube_channels,tier_2,YT-CREATOR-EXPANSION-02-AGENT-APPROVED-136
The Niche Fragrance Collector,UCOHMCV58yR2Wr_BfT_S-Xlw,The Niche Fragrance Collector,@thenichefragrancecollector,136000,649,13,"MONEGAL Perfume Royalty!  Blind Smelling and Ranking - Flamenco, LoveReaction & Siesta; Intense, Polarising & Brutally Beautiful - 6 Fragrances To Excite your Collection; The BEST HeadTurner Fragrance? Blind Ranking - Wavechild - Vanilla Tana - La Cautiva",channel_id_direct,high,SKIP_DUPLICATE,channel_id UCOHMCV58yR2Wr_BfT_S-Xlw already in youtube_channels,tier_2,YT-CREATOR-EXPANSION-02-AGENT-APPROVED-136
Joy Amin,UCQXf2ConvI79TbrUlI3198A,Joy Amin,@joyamin666,119000,5929,15,Top 15 Rayhaan Fragrance Guide (2026); Paris Corner Khair Peach Delulu Fragrance Review (2025); Rayhaan Pharaoh Fragrance Review (2026),channel_id_direct,high,SKIP_DUPLICATE,channel_id UCQXf2ConvI79TbrUlI3198A already in youtube_channels,tier_2,YT-CREATOR-EXPANSION-02-AGENT-APPROVED-136
Monika Cioch,UCi42yeT0_OLeouUQhDBVZjQ,Monika Cioch ,@monikacioch,116000,602,15,MY HUSBAND REACTS TO MY 14 NEW PERFUMES 🤭; Some of my faves #perfume #perfume; 10 Most Complimented Perfumes Now,channel_id_direct,high,SKIP_DUPLICATE,channel_id UCi42yeT0_OLeouUQhDBVZjQ already in youtube_channels,tier_2,YT-CREATOR-EXPANSION-02-AGENT-APPROVED-136
Cherayeslifestyle,UCG2E1nDbU-r2ay86tPeHdxg,Cherayeslifestyle,@cherayeslifestyle,115000,1568,15,COME UNBOX SOME PR PACKAGES WITH ME; I SPENT $$$$ AT SEPHORA | HUGE SEPHORA FRAGRANCE HAUL; MY MOST WORN PERFUMES #fragrance #luxuryfragrance #shorts,channel_id_direct,high,SKIP_DUPLICATE,channel_id UCG2E1nDbU-r2ay86tPeHdxg already in youtube_channels,tier_2,YT-CREATOR-EXPANSION-02-AGENT-APPROVED-136
Mom Perfumes,UCEL37qeml61ax4MNtZmnRxQ,Mom Perfumes,@momperfumes,103000,357,3,Top 10 Perfumes From The House Of Lattafa #perfume #trending #youtube #youtubeshorts #shorts #fyp; Best Summer Perfumes In Budget | Most Hyped | Compliment Getter | New Unboxing | Giveaway Alert 😍; We Tested All LV Imagination Clones And Found The Best One | Must Watch | Like | Comment | Share |,channel_id_direct,high,SKIP_DUPLICATE,channel_id UCEL37qeml61ax4MNtZmnRxQ already in youtube_channels,tier_2,YT-CREATOR-EXPANSION-02-AGENT-APPROVED-136
Mila Le Blanc,UCta4sjQtsMUtBCkI811ocfA,Mila Le Blanc,@milaleblanc,98600,157,6,"I SPENT THE MOST CHAOTIC WEEKEND IN MILAN | Mila Le Blanc 2026; CHATTY PERFUME HAUL… SOME ARE AMAZING, SOME ARE TRASH 😭 | Mila Le Blanc 2026; I THOUGHT I WAS GOING TO DIE… THEN THIS HAPPENED (VLOG) | Mila Le Blanc 2026",channel_id_direct,high,VERIFIED_ADD_READY,6 video(s) in last 30 days (channel_id pre-validated),tier_2,YT-CREATOR-EXPANSION-02-AGENT-APPROVED-136
Ksenja,UCAj2eCFI8Khv_WAwUxFnx2w,Ksenja,@ksenja6023,86600,631,11,This Video Will Change Your Mind About Your Skin But Better Perfumes..These are Compliment MAGNETS!; NEW PERFUME RELEASES 2026!; This is Why Your Perfumes Never Last...THE TRUTH,channel_id_direct,high,VERIFIED_ADD_READY,11 video(s) in last 30 days (channel_id pre-validated),tier_2,YT-CREATOR-EXPANSION-02-AGENT-APPROVED-136
Tarique Fragrance,UC7jAHW1aoj8T1G_v9rCM-DQ,Tarique Fragrance,@tariquefragrance,85500,752,15,Scent Profile Is Good But! Fogg F20 Fabulous Sea Breeze & Fabulous Code Perfume Review; Riiffs Freeze Hype ❌ Review ✅; Only One Perfume To Buy From Yardley London Latest Perfumes,channel_id_direct,high,VERIFIED_ADD_READY,15 video(s) in last 30 days (channel_id pre-validated),tier_2,YT-CREATOR-EXPANSION-02-AGENT-APPROVED-136
Paulina&Perfumes,UCL_NG3Uwy9EEEWUoltLYfVg,Paulina&Perfumes,@paulina.perfumes,85100,960,5,THESE NEW MANGO TROPICAL PERFUMES ARE ELITE! 🥭 NEW MANGO SCENTS SPRING 2026 | Paulina&Perfumes; THE BEST OF THE BEST! ARABIAN SPRING PERFUMES 2026 PARIS CORNER | PERFUME REVIEW | Paulina&Perfumes; FINALLY! BEST AFFORDABLE GOURMANDS! ARABIYAT SUGAR  REVIEW PART2 | PERFUME REVIEW | Paulina&Perfumes,channel_id_direct,high,SKIP_DUPLICATE,channel_id UCL_NG3Uwy9EEEWUoltLYfVg already in youtube_channels,tier_2,YT-CREATOR-EXPANSION-02-AGENT-APPROVED-136
Baldassarre Fragrance,UCT5GB0dJPVEfqk2wpwQI1_w,Baldassarre Fragrance,@baldassarrefragrance,83700,75,0,,channel_id_direct,high,SKIP_INACTIVE,No videos published in last 30 days,tier_2,YT-CREATOR-EXPANSION-02-AGENT-APPROVED-136
FragranceFlan,UCTMtNhRZ8-QRTsyiojH8Zqg,FragranceFlan,@fragranceflan,81200,496,15,Y’all been asking for this fragrance 🤝; Barcelona or Madrid?? ⚽️; This fragrance has insane projection 😅,channel_id_direct,high,SKIP_DUPLICATE,channel_id UCTMtNhRZ8-QRTsyiojH8Zqg already in youtube_channels,tier_2,YT-CREATOR-EXPANSION-02-AGENT-APPROVED-136
Sharida M,UCyvfQ7mtHGP14349D6WgXYg,Sharida M,@sharidam,77500,780,15,COMPLIMENT MAGNET PERFUMES | SPRING EDITION; Sweet & Classy: 6 Luxurious Fragrances That Prove You Can Smell Both; Smell Both SWEET & CLASSY With These Perfumes! Elevated Sweet Fragrances,channel_id_direct,high,SKIP_DUPLICATE,channel_id UCyvfQ7mtHGP14349D6WgXYg already in youtube_channels,tier_2,YT-CREATOR-EXPANSION-02-AGENT-APPROVED-136
Clémence CC Fragrance,UC-DfexEWlXE126j7wvB4iWA,Clémence CC Fragrance,@clemenceccfragrance,76500,663,1,FRAGRANCE EXPERTS REACTS: NEW MATIERE PREMIERE & BEST RECOMMANDATIONS #perfumeshorts #metallavender,channel_id_direct,high,VERIFIED_ADD_READY,1 video(s) in last 30 days (channel_id pre-validated),tier_2,YT-CREATOR-EXPANSION-02-AGENT-APPROVED-136
ccfragrances,UC51NlSiV9JKwDiVwBMH9tpw,ccfragrances,@ccfragrances,75100,115,0,,channel_id_direct,high,SKIP_INACTIVE,No videos published in last 30 days,tier_2,YT-CREATOR-EXPANSION-02-AGENT-APPROVED-136
FragranceView,UC_Zj9atmpE2MQBtzTfqDFfw,FragranceView,@fragranceview,66900,618,2,India 2026 Reflections; Returned from India,channel_id_direct,high,VERIFIED_ADD_READY,2 video(s) in last 30 days (channel_id pre-validated),tier_2,YT-CREATOR-EXPANSION-02-AGENT-APPROVED-136
Smelly Cat,UCE1MVQrpWEgR9wI5nwJcfxA,Smelly Cat,@smellycatreviews,63500,210,0,,channel_id_direct,high,SKIP_INACTIVE,No videos published in last 30 days,tier_2,YT-CREATOR-EXPANSION-02-AGENT-APPROVED-136
Extra Gents Scents,UC-SRft7aJvNDwSNhJfDfOhA,Extra Gents Scents,@extragentsscents,60900,240,8,Keep 10 Designer Fragrances FOR LIFE; Montblanc Legend Elixir - Watch Before Buying!; TRASH Clone Fragrances,channel_id_direct,high,VERIFIED_ADD_READY,8 video(s) in last 30 days (channel_id pre-validated),tier_2,YT-CREATOR-EXPANSION-02-AGENT-APPROVED-136
Hassan Siddiqui,UCNQmAK19pCzKUR1vMeT0-uA,Hassan Siddiqui,@hassansiddiqui1,57900,385,7,Hassan Siddiqui is live; Hassan Siddiqui is live; Hassan Siddiqui is LIVE,channel_id_direct,high,VERIFIED_ADD_READY,7 video(s) in last 30 days (channel_id pre-validated),tier_2,YT-CREATOR-EXPANSION-02-AGENT-APPROVED-136
Paul Reacts - Fragrance Influencer,UCItdSScEJS_QuMPHw-zt2Jw,Paul Reacts - Fragrance Influencer,@paulreactss,57500,502,15,best summer vanilla perfumes #vanilla #summer #summerperfume #vanillaperfume #perfume; try to say body badalada 3X fast #soldejaneiro #cheirosa62 #cheirosa48 #greenscreen; what brand are we? #victoriasecret #lattafa #lattafaperfumes #victoriasecretperfume #bodymist,channel_id_direct,high,VERIFIED_ADD_READY,15 video(s) in last 30 days (channel_id pre-validated),tier_2,YT-CREATOR-EXPANSION-02-AGENT-APPROVED-136
Leni's Scents,UCqMZEtmuHd9ez1BfX7EHqDQ,Leni's Scents,@lenisscents,57400,768,14,Die besten HASELNUSS-PARFUMS – von günstig bis Nische; UNTER 140€! Die beste Duftgarderobe für Frauen!; 🔴 LIVE - Duft-Test-Marathon | Leni's Scents,channel_id_direct,high,VERIFIED_ADD_READY,14 video(s) in last 30 days (channel_id pre-validated),tier_2,YT-CREATOR-EXPANSION-02-AGENT-APPROVED-136
Anne Lauren,UCY-TQyBGpPWmY8s_tFLlQrQ,Anne Lauren,@annelauren,52400,325,4,perfumes that get me loads of compliments; this fragrance blew me away; fragrances that could be my signature scent if I didn’t have so many perfumes,channel_id_direct,high,VERIFIED_ADD_READY,4 video(s) in last 30 days (channel_id pre-validated),tier_2,YT-CREATOR-EXPANSION-02-AGENT-APPROVED-136
The Perfume Nest,UCyU1XUvAFqV2X1NVCcRqRNA,The Perfume Nest,@theperfumenest,49100,428,6,SHOCKINGLY GOOD FRAGRANCES | PERFUMES THAT COMPLETELY TOOK ME BY SURPRISE (Part I); A WEEK OF PURPLE FLOWERS; PERFUMES THAT FEATURE  VIOLET & HELIOTROPE    #violet  #perfume; A WEEK OF PURPLE FLOWERS; LILAC & HYACINTH PERFUMES FOR SPRING (AND BEYOND).  #lilac #perfume,channel_id_direct,high,VERIFIED_ADD_READY,6 video(s) in last 30 days (channel_id pre-validated),tier_3,YT-CREATOR-EXPANSION-02-AGENT-APPROVED-136
Delicious Delights,UCB2uEErrIJUDwNHGAnPdojA,Delicious Delights,@deliciousdelights,48900,1843,15,"Kayali Sweet Peach Review | Worth the Hype?; These perfumes get no hype whatsoever... | D&G Dolce Magnolia, Cavalli Verde Assoluto, Cacharel Ella; Kayali Plush Pear | Worth the Hype?",channel_id_direct,high,SKIP_DUPLICATE,channel_id UCB2uEErrIJUDwNHGAnPdojA already in youtube_channels,tier_3,YT-CREATOR-EXPANSION-02-AGENT-APPROVED-136
FragranceKnowledge,UCzH0Tal9pApj-F6KSGZHo4Q,FragranceKnowledge,@fragranceknowledge,44700,1373,15,Fragrances that mean a lot to me #fragranceknowledge; Jeremy Fragrances Fragrance One Man #fragranceknowledge; Feature of Fragrance ScentMaxAI #fragranceknowledge,channel_id_direct,high,VERIFIED_ADD_READY,15 video(s) in last 30 days (channel_id pre-validated),tier_3,YT-CREATOR-EXPANSION-02-AGENT-APPROVED-136
Fragrantix,UC-yhSJPSZzjPokxWTmycoyw,Fragrantix,@fragrantix,44400,261,10,🔥TOP 11 PICKS🔥YOU WILL NEVER REGRET BUYING🔥LONGEST LASTING PERFUMES🔥#fragranceindia #fragrantix; 🔴STOP🔴DON'T BUY COMPLIMENT WORTHY SUMMER FRESHIES WITHOUT WATCHING THIS TOP 08 LIST☀️#fragranceindia; ☝️THIS FOR ₹899🔥BUDGET SUMMER OPTIONS BETTER THAN DESIGNERS🔥#fragranceindia #perfume #budgetperfumes,channel_id_direct,high,VERIFIED_ADD_READY,10 video(s) in last 30 days (channel_id pre-validated),tier_3,YT-CREATOR-EXPANSION-02-AGENT-APPROVED-136
K&A Fragrances,UCNn5SzNLEe2F9M04sn2aoDA,K&A Fragrances,@kafragrances,42200,251,15,something I’ve been working on for almost a year #cologne #fragrance #perfume￼; introducing my own fragrance Topaz Flame👀🔥 Review coming shortly! #cologne #fragrance #perfume; Week 38: Versace Dylan Blue #fragrance #cologne #perfume,channel_id_direct,high,SKIP_DUPLICATE,channel_id UCNn5SzNLEe2F9M04sn2aoDA already in youtube_channels,tier_3,YT-CREATOR-EXPANSION-02-AGENT-APPROVED-136
I am Noelle,UCY5whZtRryesHhICe4tzwWQ,I am Noelle,@iamnoelle,41500,1181,15,This is how to k!dnap me….; Are these fragrances worth your 💰?; Men’s fragrances that will make her melt 🤤 save money use  IAMNOELLE10OFF on Luckyscent.com,channel_id_direct,high,SKIP_DUPLICATE,channel_id UCY5whZtRryesHhICe4tzwWQ already in youtube_channels,tier_3,YT-CREATOR-EXPANSION-02-AGENT-APPROVED-136
Ai_TheGreat,UC56RuZSNuMlZzDj1Bq8bj4g,Ai_TheGreat,@ai_thegreat,41200,910,6,I'm OBSESSED with the affordable beaded bags from TJ Maxx and Marshall's! Affordable Summer bag haul; Extremely long SEPHORA SALE HAUL!! Everything I purchased during the Sephora Spring Savings Event; How to confidently spray your fragrance to make it last and get compliments,channel_id_direct,high,VERIFIED_ADD_READY,6 video(s) in last 30 days (channel_id pre-validated),tier_3,YT-CREATOR-EXPANSION-02-AGENT-APPROVED-136
Lauren Mae Fragrance,UCLJbk3Vkrj8XgdTTfuCfGMA,Lauren Mae Fragrance,@laurenmaefragrance,39100,168,4,fragrances I LOVE; fragrance haul!! (sephora + more); 10 fragrances you NEED to smell at Sephora (new & old),channel_id_direct,high,SKIP_DUPLICATE,channel_id UCLJbk3Vkrj8XgdTTfuCfGMA already in youtube_channels,tier_3,YT-CREATOR-EXPANSION-02-AGENT-APPROVED-136
Fragrance House,UC11CT1THiGs6fQwIpH2QJfQ,Fragrance House,@fragrancehouse,37800,657,4,Is This The NEW Compliment King? | Acqua Di Gio Elixir Review; Summer Compliment Monster? | Rayhaan Aquatica Review 🌴; Compliment Monster for Summer? 👀 | Orto Parisi Risvelium Review,channel_id_direct,high,VERIFIED_ADD_READY,4 video(s) in last 30 days (channel_id pre-validated),tier_3,YT-CREATOR-EXPANSION-02-AGENT-APPROVED-136
MAGS FRAGS - Fragrance Reviews,UCpADiPCq2CpF0hmBDso8kdA,MAGS FRAGS - Fragrance Reviews,@magsfrags2020,37400,432,1,THE VERY BEST STONE CHIP REMOVAL TOUCH UP PAINT - CHIPEX,channel_id_direct,high,VERIFIED_ADD_READY,1 video(s) in last 30 days (channel_id pre-validated),tier_3,YT-CREATOR-EXPANSION-02-AGENT-APPROVED-136
Rhonda Lareese,UCTVeHZt9z-HNgbCqE3hIZ5g,Rhonda Lareese,@rhondalareese,36900,323,0,,channel_id_direct,high,SKIP_INACTIVE,No videos published in last 30 days,tier_3,YT-CREATOR-EXPANSION-02-AGENT-APPROVED-136
Sandra Solomon Fragrance,UC28LF9JBelUwMt7M1ZTkVpw,Sandra Solomon Fragrance,@sandrasolomonfragrance,36600,753,0,,channel_id_direct,high,SKIP_INACTIVE,No videos published in last 30 days,tier_3,YT-CREATOR-EXPANSION-02-AGENT-APPROVED-136
Perfumes With Pratha,UClps5byr23beMTYzlV4EqJA,Perfumes With Pratha,@prathabhardwaj,36700,742,11,Perfumes With Pratha is live; Perfumes With Pratha is live; Perfumes With Pratha is live,channel_id_direct,high,VERIFIED_ADD_READY,11 video(s) in last 30 days (channel_id pre-validated),tier_3,YT-CREATOR-EXPANSION-02-AGENT-APPROVED-136
Scented Moments,UCd7OAY06IuwYsUoWsn3gbuQ,Scented Moments,@scentedmoments,36000,611,2,Top Spring Perfumes; Best Spring Fragrances 2026,channel_id_direct,high,VERIFIED_ADD_READY,2 video(s) in last 30 days (channel_id pre-validated),tier_3,YT-CREATOR-EXPANSION-02-AGENT-APPROVED-136
Paragon Fragrances,UCnUgSTihLHu-PJ5nTXXYbDg,Paragon Fragrances,@paragonfragrance,35800,888,0,,channel_id_direct,high,SKIP_INACTIVE,No videos published in last 30 days,tier_3,YT-CREATOR-EXPANSION-02-AGENT-APPROVED-136
Lifestyle Malayalam,UCj0zv4wvSIVCiMEV1EOzL_g,Lifestyle Malayalam,@lifestylemalayalam,34800,1327,15,Interesting Facts About Guerlain Shalimar Perfume | World's No 1 Perfume |; Zudio Frost Man Body Mist | Mind Blowing Seductive Office Perfume For Men Under ₹200 | Attractive; OG Luxury Shadow Perfume Review in Malayalam| Budget Friendly Summer & Office Perfume For Men,channel_id_direct,high,VERIFIED_ADD_READY,15 video(s) in last 30 days (channel_id pre-validated),tier_3,YT-CREATOR-EXPANSION-02-AGENT-APPROVED-136
Gabby Loves Perfumes,UCAauMekWOdAfSHSDl6Crsmw,Gabby Loves Perfumes,@gabbylovesperfumes,34200,660,2,Top 10 VANILLA Fragrances For The Spring Season | Perfume Review; I bought samples for all of these new perfume releases | Fragrances 2026,channel_id_direct,high,SKIP_DUPLICATE,channel_id UCAauMekWOdAfSHSDl6Crsmw already in youtube_channels,tier_3,YT-CREATOR-EXPANSION-02-AGENT-APPROVED-136
Hayley Clough,UCHiqODdTlSiCckqVJ7iGbZQ,Hayley Clough,@hayley.clough,32900,386,6,Easy Bake Intense Perfume by Huda Beauty ✨; The dream perfume trip to Paris with Mugler ✨; I just went on my dream brand trip to Paris with MUGLER ✨,channel_id_direct,high,VERIFIED_ADD_READY,6 video(s) in last 30 days (channel_id pre-validated),tier_3,YT-CREATOR-EXPANSION-02-AGENT-APPROVED-136
ouch110 Fragrance Reviews,UCIoOAUDFs-6PpwPQ1Hfn-Ow,ouch110 Fragrance Reviews,@ouch110,32200,850,0,,channel_id_direct,high,SKIP_DUPLICATE,channel_id UCIoOAUDFs-6PpwPQ1Hfn-Ow already in youtube_channels,tier_3,YT-CREATOR-EXPANSION-02-AGENT-APPROVED-136
Fragrance Jam,UCt-5DVDZRCUBLdRaFGKeH3w,Fragrance Jam,@fragrancejam,32200,1142,15,"I ordered the most unique looking perfume bottles. And they smell good!; Vulcan Sable from French Avenue. Hows is it?; If I lost my entire Fragrance collection, these are 10 i'll buy first.",channel_id_direct,high,SKIP_DUPLICATE,channel_id UCt-5DVDZRCUBLdRaFGKeH3w already in youtube_channels,tier_3,YT-CREATOR-EXPANSION-02-AGENT-APPROVED-136
Scent Saga,UCF4vsM8pIArlthG4guIPz3Q,Scent Saga,@scentsaga,32200,227,7,Smell Expensive on a Budget: The Perfect Perfume Collection for College Freshers; This ₹2500 Perfume Makes Guerlain Vetiver Redundant | Forest Vetiver Review; 🚨 The Menworks Perfume Trap — I Bought 5 So You Don't Have To Keep Buying,channel_id_direct,high,VERIFIED_ADD_READY,7 video(s) in last 30 days (channel_id pre-validated),tier_3,YT-CREATOR-EXPANSION-02-AGENT-APPROVED-136
Persolaise Perfumes,UC2Uoi3pjiNlfmMVcWzkngSw,Persolaise Perfumes,@persolaise,31200,740,10,"The 80s Revival - Top 10 Perfumes Leading The Way on Persolaise Love At First Scent episode 639; New releases from Tauer, Nez 1+1, Matiere Premiere on Persolaise Love At First Scent episode 638; Van Cleef & Arpels Classiques Tsar short review - #perfume #fragrance #perfumereviews #newperfume",channel_id_direct,high,SKIP_DUPLICATE,channel_id UC2Uoi3pjiNlfmMVcWzkngSw already in youtube_channels,tier_3,YT-CREATOR-EXPANSION-02-AGENT-APPROVED-136
Evan,UCRKV_EqR8VvmVD-rD7EsR9Q,Evan,@scentfromevan,30600,257,8,What it feels like to layer fragrances 😩; Popular vs. Best Fragrances from every brand 🔥; Fragrance Routine on Unc 😉,channel_id_direct,high,VERIFIED_ADD_READY,8 video(s) in last 30 days (channel_id pre-validated),tier_3,YT-CREATOR-EXPANSION-02-AGENT-APPROVED-136
Perfumetalk,UCkdKfx6zp5Pzx0m2k1MCBxA,Perfumetalk,@perfumetalk2,29300,844,15,Barish Ki Chai ☔ Fresh Tea Perfume You NEED to Smell!; What is IFRA Certification in Perfume? Truth Revealed!”; Dark Sandalwood That Smells Like a Library 📚 #fusionbyrizwan,channel_id_direct,high,VERIFIED_ADD_READY,15 video(s) in last 30 days (channel_id pre-validated),tier_3,YT-CREATOR-EXPANSION-02-AGENT-APPROVED-136
SCENTIMENTAL,UC8adDqJU-aGGBhwMHLWH83w,SCENTIMENTAL,@scentimentalforever,28700,502,15,Why this Perfume so Controverisal? 😷🥵🚫 | Orto Parisi Seminalis Review ✅️; 500 Mein 3 Best Fresh Perfumes 🔥👌🌬🍊; I Tried 5 Clones Of My Favourite Original Perfumes ❤️ | My Perfume Secrets ✅️,channel_id_direct,high,SKIP_DUPLICATE,channel_id UC8adDqJU-aGGBhwMHLWH83w already in youtube_channels,tier_3,YT-CREATOR-EXPANSION-02-AGENT-APPROVED-136
Faizan Fragrances,UC1tDKoCrnd9FLyppMZ62vHg,Faizan Fragrances,@faizanfragrances,28300,636,15,Top 5 Perfume Fixatives Used By Luxury Brands | Perfume Ki Lasting & Projection Barhane Wale Booster; Get Perfume Brand Ready in Just 3 Hours | Perfume Brand Start up in Pakistan | Faizan Fragrances; Wholesale Black & Gold - Red 🔴 White ⚪ Black Round Cylinder Type 50ML Ready Made Box 📦,channel_id_direct,high,VERIFIED_ADD_READY,15 video(s) in last 30 days (channel_id pre-validated),tier_3,YT-CREATOR-EXPANSION-02-AGENT-APPROVED-136
Post Cologne,UCArpB-dspQ5Ax3pJnj0Rnog,Post Cologne,@postcologne,27900,309,0,,channel_id_direct,high,SKIP_INACTIVE,No videos published in last 30 days,tier_3,YT-CREATOR-EXPANSION-02-AGENT-APPROVED-136
Fragrance by Thuse,UCoTr6cN8SE-nG5tWIuP5CjQ,Fragrance by Thuse,@fragrancebythuse,27600,324,1,သိန်း၂၀၀ ဖိုးရေမွှေး Unbox လုပ်ကြမယ်,channel_id_direct,high,VERIFIED_ADD_READY,1 video(s) in last 30 days (channel_id pre-validated),tier_3,YT-CREATOR-EXPANSION-02-AGENT-APPROVED-136
AC Smells Good,UCeJft2Bva6Sec2lvLZVNweQ,AC Smells Good,@acsmellsgood,25900,571,0,,channel_id_direct,high,SKIP_INACTIVE,No videos published in last 30 days,tier_3,YT-CREATOR-EXPANSION-02-AGENT-APPROVED-136
ArahiWorld,UCjC8Pmws0w6ben1xfa_pjrA,ArahiWorld,@arahiworld,25700,589,15,"THESE 10 CHEAP SPRING & SUMMER PERFUMES SMELL SHOCKINGLY GOOD! | Under $50 Fragrances!; TRYING THESE 6 ARABIAN PERFUMES SO YOU DON'T HAVE TO! | New Dupes Of Luxury Fragrances??; NEW! Guerlain Les Eaux Perfume Collection: Eau De Lingerie, Eau De Popeline & Eau De Tulle Review!",channel_id_direct,high,SKIP_DUPLICATE,channel_id UCjC8Pmws0w6ben1xfa_pjrA already in youtube_channels,tier_3,YT-CREATOR-EXPANSION-02-AGENT-APPROVED-136
Maria Collett,UCJq6f8MyXZym8AoJTb3rTlA,Maria Collett,@mariacollettlife,25000,1006,15,Favorite Perfume For Warm Weather #fragrance #perfumereviews; The BEST 13 Summer Fragrances at Every Price Point (2026); Best Floral Fragrance for Summer #fragrance #perfumereviews #perfume  #fragrancereview,channel_id_direct,high,VERIFIED_ADD_READY,15 video(s) in last 30 days (channel_id pre-validated),tier_3,YT-CREATOR-EXPANSION-02-AGENT-APPROVED-136
ROYAL Fragrance,UClZ1n8UjnPROtri83sZ8W9g,ROYAL Fragrance,@royalfragrance,23900,533,0,,channel_id_direct,high,SKIP_INACTIVE,No videos published in last 30 days,tier_3,YT-CREATOR-EXPANSION-02-AGENT-APPROVED-136
babbs collection,UCTAD2_pRAD5ylojAC-jNeig,babbs collection,@babbscollection,23300,23,2,Attar Module 5 (kindly check the description); 4. Introduction to Diffusive Bases,channel_id_direct,high,VERIFIED_ADD_READY,2 video(s) in last 30 days (channel_id pre-validated),tier_3,YT-CREATOR-EXPANSION-02-AGENT-APPROVED-136
Sarah Mayes,UCHC0tn1fnUBjvB-vm7C79jg,Sarah Mayes,@sarahmayes,23000,1731,15,My New Designer Perfume Love 💕💕; New Perfumes from Dreamhouse Ikiryo; Small Super Affordable Perfume Haul 💜,channel_id_direct,high,VERIFIED_ADD_READY,15 video(s) in last 30 days (channel_id pre-validated),tier_3,YT-CREATOR-EXPANSION-02-AGENT-APPROVED-136
Queen Naimah,UC4d4zz_scTa_C1GlQtN8RIw,Queen Naimah,@queennaimah,22500,245,0,,channel_id_direct,high,SKIP_INACTIVE,No videos published in last 30 days,tier_3,YT-CREATOR-EXPANSION-02-AGENT-APPROVED-136
Claire Smith,UC3ZOyy7qPVG2h5asov0NmdA,Claire Smith,@dr.claire.perfume,20300,311,8,Full Bottle Worthy? New Perfume Releases Worth Trying? Dior Zoologist Parfums de Marly Fragrances; 😳 Is Ozempic Changing How We Smell Perfume? GLP1 & Fragrances | Did Your Favorite Perfumes Change?; May Perfume Tray 🌸 Spring Summer Fragrance Picks Dewy Fresh Florals Solar Scents Easy Vanilla Top 10,channel_id_direct,high,VERIFIED_ADD_READY,8 video(s) in last 30 days (channel_id pre-validated),tier_3,YT-CREATOR-EXPANSION-02-AGENT-APPROVED-136
Perfume School,UCppx9MJn8TqPsA8Ob9aGLxg,Perfume School,@vaibhavkhar3502,18600,175,0,,channel_id_direct,high,SKIP_INACTIVE,No videos published in last 30 days,tier_3,YT-CREATOR-EXPANSION-02-AGENT-APPROVED-136
Equality Fragrances,UCqbF97uT4R99XSqlUgFJEnA,Equality Fragrances,@equalityfragrances1854,18400,470,5,"Which fragrance is the better fragrance? Roja Oceania EDP vs Roja Oceania Parfum?; The Best Creed Green Irish Tweed? Creed Green Irish Tweed, Floris JF or Bond no9 Chez Bond?; My insane fragrance haul",channel_id_direct,high,VERIFIED_ADD_READY,5 video(s) in last 30 days (channel_id pre-validated),tier_3,YT-CREATOR-EXPANSION-02-AGENT-APPROVED-136
SSD Fragrances,UCaAH4LQWU8TnZLg1XmHHAFw,SSD Fragrances,@ssdfragrances,18200,505,14,Spring/Summer Fragrance Recommendations and My Current Favourites!; The Spirit Of Dubai 2nd Generation Accords Collection Review; Newness from Uniquee Luxury presented at the Niche Show in London #fragrancereviews #fyp #viral,channel_id_direct,high,VERIFIED_ADD_READY,14 video(s) in last 30 days (channel_id pre-validated),tier_3,YT-CREATOR-EXPANSION-02-AGENT-APPROVED-136
Nubs Fragrances,UCmPBplea2rte7Wx8YFSnUKA,Nubs Fragrances,@nubsfragrances,18100,2366,15,This Smells Like a CEO on Vacation | Blue Agave Review; Smells Like You Run The Company | Tom Ford Noir Extreme; Want To Smell Instantly Put Together?,channel_id_direct,high,VERIFIED_ADD_READY,15 video(s) in last 30 days (channel_id pre-validated),tier_3,YT-CREATOR-EXPANSION-02-AGENT-APPROVED-136
Mehedi Hasan,UCO8yAN2LjbyusH1S3KqU5KA,Mehedi Hasan,@mehedihasanperfumereviewer,16700,643,11,JPG Scandal Pour Homme Elixir (Parfum) (2026) (Short Review in Bangla); JPG Le Beau Narcisse (EDP) (2026) (Short Review In Bangla); Davidoff Cool Elixir Safran Mineral (Parfum Intense) (2026) (Short Review In Bangla),channel_id_direct,high,VERIFIED_ADD_READY,11 video(s) in last 30 days (channel_id pre-validated),tier_3,YT-CREATOR-EXPANSION-02-AGENT-APPROVED-136
The Perfume Reviewer,UC-kG1xY0duJPDjvNkAiSODg,The Perfume Reviewer ,@theperfumereviewr,16600,304,12,ALL Menworks Perfumes Ranked From Worst ❌️ To Best ✅️; Menworks Legend - Kaaf Alternative???; Top 10 Best Perfumes For Dates under 1000,channel_id_direct,high,SKIP_DUPLICATE,channel_id UC-kG1xY0duJPDjvNkAiSODg already in youtube_channels,tier_3,YT-CREATOR-EXPANSION-02-AGENT-APPROVED-136
MaxManScents,UC3z0S-vjJ77UGvZnVfdN5Ww,MaxManScents,@maxmanscents,16400,390,3,Top 5 fragrances that ALWAYS get compliments; 5 top fragrances you can’t go wrong with… these just work every time; 5 Everyday fragrances you can wear anywhere,channel_id_direct,high,VERIFIED_ADD_READY,3 video(s) in last 30 days (channel_id pre-validated),tier_3,YT-CREATOR-EXPANSION-02-AGENT-APPROVED-136
Perfume Guru,UCUDfAo-rJKA7d4eE7q0G5PA,Perfume Guru,@perfumeguru,16000,136,15,THIS HIDDEN GEM COLOGNE MAKES LUXURY PERFUMES CRY 😭; Life of a Fragrance Youtuber 😜 #cologne #fragrance #perfume #india; 3 Khatarnaak Budget Perfumes 😍 #fragrance #perfume #india,channel_id_direct,high,SKIP_DUPLICATE,channel_id UCUDfAo-rJKA7d4eE7q0G5PA already in youtube_channels,tier_3,YT-CREATOR-EXPANSION-02-AGENT-APPROVED-136
Fragrance Lament,UCSUFyw7zzQcs94vj6Qt6Jug,Fragrance Lament,@fragrance_lament,15300,41,0,,channel_id_direct,high,SKIP_INACTIVE,No videos published in last 30 days,tier_3,YT-CREATOR-EXPANSION-02-AGENT-APPROVED-136
Ramsey,UCt5sylbFLhJdFmS9Railrjg,Ramsey,@ramseytheram,15200,1118,1,"Nebiru Parfvms, Elkhaldi & Scents by Skanda Unboxing #parfum #cologne #oud #fragrance",channel_id_direct,high,VERIFIED_ADD_READY,1 video(s) in last 30 days (channel_id pre-validated),tier_3,YT-CREATOR-EXPANSION-02-AGENT-APPROVED-136
Max Aoud - Fragrance,UCEFbLRiPM4GPhV3UYZsC9Ig,Max Aoud - Fragrance ,@maxaoud,14300,233,4,"Was will der Arme von mir 😭; Der einfachste Weg, um Komplimente zu bekommen 💫; Parfüm Experte reagiert 🔎 #parfum",channel_id_direct,high,VERIFIED_ADD_READY,4 video(s) in last 30 days (channel_id pre-validated),tier_3,YT-CREATOR-EXPANSION-02-AGENT-APPROVED-136
The Gossip Closet,UCiQeDmie2olbzKI3V659m5w,The Gossip Closet,@thegossipcloset,14000,283,7,MY TOP 10 CURRENT PERFUME FAVORITES | EDGAR-O; Perfume news #perfumes #perfume #fragrance #hudabeauty #valentino #fragrancereview #easybake #frag; Burberry Goddess #perfumes #fragrance #perfume #burberry #goddess #burberrygoddess #ambervanilla,channel_id_direct,high,VERIFIED_ADD_READY,7 video(s) in last 30 days (channel_id pre-validated),tier_3,YT-CREATOR-EXPANSION-02-AGENT-APPROVED-136
The Perfume Experience,UCZ0YQVX1oB81x7ycjJJBzqw,The Perfume Experience,@theperfumeexperience,13800,557,8,Beast Mode Summer Freshie - French Avenue Safari Breeze Review!; Riffs Fareed and Khadlaj Bleu Glace! Perfumes under ₹2000 |; Ramad & Ramad Oriental in brief!,channel_id_direct,high,VERIFIED_ADD_READY,8 video(s) in last 30 days (channel_id pre-validated),tier_3,YT-CREATOR-EXPANSION-02-AGENT-APPROVED-136
CASUAL FRAGRANCES,UCwzyrH_hh9env47zExLkPZg,CASUAL FRAGRANCES,@hititup2121,13000,1603,15,New Fragrance Purchase of 2026 🔥🔥🔥; New Prada Luna rossa EDP Review 🔥🔥🔥; 🔥 A DIOR FRAGRANCES GIFT + LIFE UPDATE 🔥,channel_id_direct,high,VERIFIED_ADD_READY,15 video(s) in last 30 days (channel_id pre-validated),tier_3,YT-CREATOR-EXPANSION-02-AGENT-APPROVED-136
Visionary Fragrances,UC48Dfj7aBwggC21qD0YGreg,Visionary Fragrances,@visionaryfragrances,11800,460,0,,channel_id_direct,high,SKIP_INACTIVE,No videos published in last 30 days,tier_3,YT-CREATOR-EXPANSION-02-AGENT-APPROVED-136
Sasha Scents,UCR1ylZ4z1-C0RtEqJ-btY2A,Sasha Scents,@sashascents,11800,248,0,,channel_id_direct,high,SKIP_INACTIVE,No videos published in last 30 days,tier_3,YT-CREATOR-EXPANSION-02-AGENT-APPROVED-136
Olfactofiles,UCT1ytjccyicIrOzxUW35B2g,Olfactofiles,@olfactofiles,11700,168,0,,channel_id_direct,high,SKIP_INACTIVE,No videos published in last 30 days,tier_3,YT-CREATOR-EXPANSION-02-AGENT-APPROVED-136
Scent In The Sun,UCYrkiJlPsM-dt-vf9mzGbag,Scent In The Sun,@scentinthesun,11300,142,4,80 Sprays in African Heat Did Floral Grapefruit Survive?; 79 Sprays for 8 Hours in Heat… Did It Survive?; Gym Scent of the Day Fresh & Clean,channel_id_direct,high,VERIFIED_ADD_READY,4 video(s) in last 30 days (channel_id pre-validated),tier_3,YT-CREATOR-EXPANSION-02-AGENT-APPROVED-136
MOinsideHIT Fragrances,UCpa87Mvf8JsimS0DFbfbIAg,MOinsideHIT Fragrances ,@moinsidehitfragrances,11200,144,7,Compliment Magnet Perfume 🔥 Everyone Asked This || Liquid Brun by French Avenue; Budget Rasasi Perfumes Every Guy Should Try This Summer 🔥; Blind Buy Ajmal Summer Perfume… Regret or Worth It? 😳,channel_id_direct,high,VERIFIED_ADD_READY,7 video(s) in last 30 days (channel_id pre-validated),tier_3,YT-CREATOR-EXPANSION-02-AGENT-APPROVED-136
FatBoy Fragrance Reviews,UCNAFCpNoNHfEW1mSgyw2YtA,FatBoy Fragrance Reviews,@fatboyfragrancereviews,11100,1105,15,CAN'T MISS HYBRIDS FROM DUA THIS YEAR.; A HYBRID WE DESERVE. DUA'S FIRE GOD BLEU DE DUA REVIEW.; LIVE DUA FRAGRANCE HAUL.  FIRST IMPRESSIONS ON NEWEST DUAS,channel_id_direct,high,VERIFIED_ADD_READY,15 video(s) in last 30 days (channel_id pre-validated),tier_3,YT-CREATOR-EXPANSION-02-AGENT-APPROVED-136
CloneFrag,UCe684af7wQXwgqpgVY6-qtQ,CloneFrag,@clonefrag,11100,122,15,#perfume #fragranceclones @ZimayaPerfumes #fragrancereview; Best Clone Fragrances of Great Discontinued Perfumes; #perfume #fragranceclones @afnanperfumesofficial #fragrancereview,channel_id_direct,high,SKIP_DUPLICATE,channel_id UCe684af7wQXwgqpgVY6-qtQ already in youtube_channels,tier_3,YT-CREATOR-EXPANSION-02-AGENT-APPROVED-136
Scentrifugal Force,UCetcHQ8Oh97_IwQ1z4pb0Ag,Scentrifugal Force,@sahbomnim,10900,208,0,,channel_id_direct,high,SKIP_INACTIVE,No videos published in last 30 days,tier_3,YT-CREATOR-EXPANSION-02-AGENT-APPROVED-136
SHAHIDI SCENT REVIEWS,UC8J6N_sDih9FDcX8hebcuYQ,SHAHIDI SCENT REVIEWS,@shahidiscentreviews-gt1ce,10200,623,15,ETERNAL OUD @xbueparfum  #shahidiscentreviews; ENZ Daa🔥🔥🔥 @escaloperfume  #shahidiscentreviews #enz; 9 PM Night Out @afnanperfumes  buy 77367 86608  #shahidiscentreviews,channel_id_direct,high,VERIFIED_ADD_READY,15 video(s) in last 30 days (channel_id pre-validated),tier_3,YT-CREATOR-EXPANSION-02-AGENT-APPROVED-136
Adwoa Loves Fragrances,UCni8RVG47tdRqywL2NKtdJg,Adwoa Loves Fragrances,@adwoalovesfragrances5324,9970,663,5,"Khamrah Waha, Ana Abiyedh Passion, Haya Jouri | New Lattafa Fragrances To Look Forward To; Best Arabian Fragrances Under $40; If I Had To Start My Middle Eastern Fragrance Collection | The Only 20 I would Keep",channel_id_direct,high,VERIFIED_ADD_READY,5 video(s) in last 30 days (channel_id pre-validated),tier_4,YT-CREATOR-EXPANSION-02-AGENT-APPROVED-136
TheTopNote,UCt0_CgiJgQWqSgJ6wauP6iQ,TheTopNote,@thetopnote,9810,310,0,,channel_id_direct,high,SKIP_INACTIVE,No videos published in last 30 days,tier_4,YT-CREATOR-EXPANSION-02-AGENT-APPROVED-136
Pika Scent,UCJkB7vfUJFvWCAtHqbsK-mw,Pika Scent,@pikascent,9810,175,7,The Most ADDICTIVE Men’s Fragrances for Spring 2026 🔥; This Niche Fragrance Is About to Go VIRAL; Empty fragrances 👀 #perfume #fragrance #empties,channel_id_direct,high,VERIFIED_ADD_READY,7 video(s) in last 30 days (channel_id pre-validated),tier_4,YT-CREATOR-EXPANSION-02-AGENT-APPROVED-136
Not Another Perfume Channel,UCaeQJXmLThpPDdsnu-T98IA,Not Another Perfume Channel,@mamabearperfumechannel,9590,312,6,BEST PEACH PERFUMES IN MY COLLECTION! 🍑 #bestperfumesforwomen @MacedonPerfumes; Calling Out The YouTube Creators That Got Me Hooked On These Perfumes! #perfumes; *NEW* Release From Macedon Perfumes! A Month Of RePurchases! #bestperfumesforwomen @MacedonPerfumes,channel_id_direct,high,VERIFIED_ADD_READY,6 video(s) in last 30 days (channel_id pre-validated),tier_4,YT-CREATOR-EXPANSION-02-AGENT-APPROVED-136
The Perfume Pros,UC12QVjTY1Ev4qmJX_YdQ85A,The Perfume Pros,@theperfumepros,9050,125,0,,channel_id_direct,high,SKIP_INACTIVE,No videos published in last 30 days,tier_4,YT-CREATOR-EXPANSION-02-AGENT-APPROVED-136
Eloise Scents,UCYyQh1ADbvGeJluBY1gH5Ow,Eloise Scents,@eloisescents0309,8690,254,14,"MOTHER'S DAY 2026 FRAGRANCE OF THE DAY 💕; MY WEEKLY FRAGRANCE ROTATION - The Week of May 4, 2026; 2 FRESH, GREEN & HERBAL FRAGRANCES, Guerlain & Astier de Villatte",channel_id_direct,high,VERIFIED_ADD_READY,14 video(s) in last 30 days (channel_id pre-validated),tier_4,YT-CREATOR-EXPANSION-02-AGENT-APPROVED-136
Scents N Stories,UCSeHLZndE-63bREgPBoQIIQ,Scents N Stories,@scentsnstories,8530,914,15,| Scents N Stories; | Scents N Stories; | Scents N Stories,channel_id_direct,high,VERIFIED_ADD_READY,15 video(s) in last 30 days (channel_id pre-validated),tier_4,YT-CREATOR-EXPANSION-02-AGENT-APPROVED-136
Niche Fragrance Review,UCA8LJcffSsL8NrRjP2_hgGA,Niche Fragrance Review,@nichefragrancereview,8070,144,0,,channel_id_direct,high,SKIP_INACTIVE,No videos published in last 30 days,tier_4,YT-CREATOR-EXPANSION-02-AGENT-APPROVED-136
EnterTheFragrance,UCdMwP92T0ijbX-uDBrXmtRw,EnterTheFragrance ,@enterthefragrance,8110,855,15,My Top 5 Bujairami Picks 💫 #shorts; SpongeBob Cologne IS COOKED 💀; $200 Fragrance Collection- What I'd Buy👑✨ #shorts,channel_id_direct,high,VERIFIED_ADD_READY,15 video(s) in last 30 days (channel_id pre-validated),tier_4,YT-CREATOR-EXPANSION-02-AGENT-APPROVED-136
Among the Stars Perfume Reviews,UChSq5PWiv1Iswnl6aKEPZ5w,Among the Stars Perfume Reviews,@amongthestarsperfumereview1041,8030,318,0,,channel_id_direct,high,SKIP_INACTIVE,No videos published in last 30 days,tier_4,YT-CREATOR-EXPANSION-02-AGENT-APPROVED-136
Elizabeth Grace,UCbfxA_V60PXzzV3E3wxmKPg,Elizabeth Grace ,@aroomwithperfume,7890,93,0,,channel_id_direct,high,SKIP_INACTIVE,No videos published in last 30 days,tier_4,YT-CREATOR-EXPANSION-02-AGENT-APPROVED-136
ScentOlogy,UC8_UpL3Am3SG8t8JGpfzDMA,ScentOlogy,@scentology,7680,176,0,,channel_id_direct,high,SKIP_INACTIVE,No videos published in last 30 days,tier_4,YT-CREATOR-EXPANSION-02-AGENT-APPROVED-136
Real Scent Review,UCknYXYNhw9DsYqLspd648wA,Real Scent Review,@realscentreview,7260,298,4,2 Masterpiece Fragrances Compared - African Leather and Ivory Route - Memo Paris and Xerjoff; I Own 100s of Fragrances - I will Always Wear These in Spring; Bois Imperial Extrait vs. EDP - which is the best beast mode compliment magnet?,channel_id_direct,high,VERIFIED_ADD_READY,4 video(s) in last 30 days (channel_id pre-validated),tier_4,YT-CREATOR-EXPANSION-02-AGENT-APPROVED-136
Fine Fragrance Collection,UCf8uoCuRmajjABAX_rXignA,Fine Fragrance Collection,@finefragrancecollection3399,7170,53,0,,channel_id_direct,high,SKIP_INACTIVE,No videos published in last 30 days,tier_4,YT-CREATOR-EXPANSION-02-AGENT-APPROVED-136
Julia Graf Perfumes,UCES7U_MgvhUHYTSVr9Q5Vqg,Julia Graf Perfumes,@juliagrafperfumes136,7070,36,0,,channel_id_direct,high,SKIP_INACTIVE,No videos published in last 30 days,tier_4,YT-CREATOR-EXPANSION-02-AGENT-APPROVED-136
Unravel Perfumery,UCJQhE8fR092Fxk_CSZcZ50g,Unravel Perfumery,@unravelperfumery,6910,26,3,Perfume Oils That Actually Makes High Quality Perfumes | Unravel Perfumery; Top Summer Fragrances for perfume making | #perfumemaking   #cloneperfume   #attar; Readymade Perfume base for high quality perfumes | #perfumemaking   #cloneperfume   #attar,channel_id_direct,high,VERIFIED_ADD_READY,3 video(s) in last 30 days (channel_id pre-validated),tier_4,YT-CREATOR-EXPANSION-02-AGENT-APPROVED-136
Ali Scents,UC_lewXVlXsOyvr0bEj8yUVg,Ali Scents,@aliscents17,6860,608,5,Modern Cologne ☀️; Worth Buying This Summer Fragrance?; Best Thomas Kosmala Fragrance in 2026?,channel_id_direct,high,VERIFIED_ADD_READY,5 video(s) in last 30 days (channel_id pre-validated),tier_4,YT-CREATOR-EXPANSION-02-AGENT-APPROVED-136
NoCap Fragrance Reviews,UCkZBwR2YQV3_yZKaKzp2mHA,NoCap Fragrance Reviews,@nocap_fragrancereviews,6750,523,15,Gulf Orchid Yacht Club... Update/Full Review | So close let's Call it 37 Knots; Caught Me Off Guard | Jean Lowe Aura Verde | LV Cactus Garden Dupe; Jean Lowe Officially the LV Killer?Summer Vibes is Truly Vibrant!,channel_id_direct,high,VERIFIED_ADD_READY,15 video(s) in last 30 days (channel_id pre-validated),tier_4,YT-CREATOR-EXPANSION-02-AGENT-APPROVED-136
Frag Facts,UC6Fa4_WiwWP1z_oaFM6486g,Frag Facts,@frag_facts,6750,196,0,,channel_id_direct,high,SKIP_INACTIVE,No videos published in last 30 days,tier_4,YT-CREATOR-EXPANSION-02-AGENT-APPROVED-136
Bella Starr,UCec1GsKyQTpaqAjeZnm_W9A,Bella Starr,@bellasperfumediaries,6640,405,8,Queen Of Roses by Lattafa Vs Sweet Diamond Pink Pepper by Kayali; Brand Spotlight Ep3: Brata Luxury Perfumes #perfume #brataluxury #luxury #nigerianbrand #niche #sexy; New middleeastern perfumes in my collection🛍️ Haul coming very soon✨ #perfume #lattafa #shopping,channel_id_direct,high,VERIFIED_ADD_READY,8 video(s) in last 30 days (channel_id pre-validated),tier_4,YT-CREATOR-EXPANSION-02-AGENT-APPROVED-136
Quick Fragrance Reviews,UCFQNGbC60LELKmyV4Kj9-GA,Quick Fragrance Reviews,@fragrancenotes,6600,4631,0,,channel_id_direct,high,SKIP_INACTIVE,No videos published in last 30 days,tier_4,YT-CREATOR-EXPANSION-02-AGENT-APPROVED-136
Best Cologne For Men,UCSyLBBDe8F2xC1Ei3vH968g,Best Cologne For Men,@ilikemensfragrances,6460,386,14,The best Parfums de Marly fresh fragrances compared! #menscologne #mensfragrance; Fragrance news this week! Interested in any of these? #menscologne #mensfragrance; Nishane Karagoz is way too strong. Do not blind buy this cologne. #menscologne #mensfragrance,channel_id_direct,high,VERIFIED_ADD_READY,14 video(s) in last 30 days (channel_id pre-validated),tier_4,YT-CREATOR-EXPANSION-02-AGENT-APPROVED-136
Luke Parfums,UCuHV3twfVyfel_08DkKLR1A,Luke Parfums,@lukeparfums,6360,212,4,"I visited a perfumery in the South of France — VLOG (Nice, Monaco, Cannes, Èze) and HAUL; Green, Mossy, Earthy Perfumes | Classic Scents for Lovers of Dry, Non-Sweet Fragrances; Perfumes of the week, full reviews on my channel #perfume #fragrance #vintagelover #dior #designer",channel_id_direct,high,VERIFIED_ADD_READY,4 video(s) in last 30 days (channel_id pre-validated),tier_4,YT-CREATOR-EXPANSION-02-AGENT-APPROVED-136
Everyman Fragrances,UCemnXnl6Q6KTsUU1lDNqerA,Everyman Fragrances,@everymanfragrances,6030,508,10,I found a great alternative fragrance... #cologne; The best from Rasasi? #perfume; A hidden gem fragrance from Armaf? #cologne,channel_id_direct,high,VERIFIED_ADD_READY,10 video(s) in last 30 days (channel_id pre-validated),tier_4,YT-CREATOR-EXPANSION-02-AGENT-APPROVED-136
The Cologne Collective,UCtV01p7sjA0keLYFcVHfCQg,The Cologne Collective ,@thecolongecollective,5900,31,2,SPRING & SUMMER DUPES TO OWN 2026; My Top 5 Bujairami Fragrances!!!,channel_id_direct,high,VERIFIED_ADD_READY,2 video(s) in last 30 days (channel_id pre-validated),tier_4,YT-CREATOR-EXPANSION-02-AGENT-APPROVED-136
MantasFragrance,UCND4hS20HDLHGhBU55Ft11Q,MantasFragrance,@mantasfragrance,5400,43,0,,channel_id_direct,high,SKIP_INACTIVE,No videos published in last 30 days,tier_4,YT-CREATOR-EXPANSION-02-AGENT-APPROVED-136
ZinaFumes,UC-5C3i_7uXk4FLgLbPW8jVA,ZinaFumes,@zinafumes-w7s,5360,312,15,TOP LUXURY FRESH FRUITY FLORAL PERFUMES FOR WARM WEATHER; CELEBRATE YOU EACH DAY! My form is through perfumes! What’s yours? #perfume #viralshort #fragrance; TOP SUMMER PERFUMES FOR DIFFERENT OCCASIONS  - ARE YOU SUMMER READY???,channel_id_direct,high,VERIFIED_ADD_READY,15 video(s) in last 30 days (channel_id pre-validated),tier_4,YT-CREATOR-EXPANSION-02-AGENT-APPROVED-136
Seth Fragrance,UChYf4cBWy0nv46XJ0mG2IKQ,Seth Fragrance ,@sethfragrance,5290,95,0,,channel_id_direct,high,SKIP_INACTIVE,No videos published in last 30 days,tier_4,YT-CREATOR-EXPANSION-02-AGENT-APPROVED-136
The Fragrance Viking,UCVRP-0vD9b7NKL7ZT_QmPqw,The Fragrance Viking,@thefragranceviking,5070,251,15,"Fragrance Trade Episode 3 did I win? Thanks to bela.e.perfumada for the swap #fragrance; Adding 3 armaf fragrances to the collections including odyssey mandarin sky elixir #fragrance; Mercedes Benz club black One of best affordable vanilla fragrances, let’s try Mercedes club see if",channel_id_direct,high,VERIFIED_ADD_READY,15 video(s) in last 30 days (channel_id pre-validated),tier_4,YT-CREATOR-EXPANSION-02-AGENT-APPROVED-136
